"year","port1","port2","port3"
1,54,-11,108
2,55.5555555555556,2,108
3,64.1111111111111,36,121
4,60.6666666666667,35,85
5,80.2222222222222,40,92
6,71.7777777777778,63,86
7,83.3333333333333,74,97
8,82.8888888888889,81,109
9,77.4444444444444,87,107
10,109,110,109
